## 定义
>SQL Structured Query Language指结构化查询语言 ，访问和处理关系数据库的计算机标准语言   

## 作用
* SQL 面向数据库执行查询
* SQL 可从数据库取回数据
* SQL 可在数据库中插入新的记录
* SQL 可更新数据库中的数据
* SQL 可从数据库删除记录
* SQL 可创建新数据库
* SQL 可在数据库中创建新表
* SQL 可在数据库中创建存储过程
* SQL 可在数据库中创建视图
* SQL 可以设置表、存储过程和视图的权限  

## 关系数据库模型
简单讲，类似于表格  
盒子表  

|id|颜色|大小|生产工厂id|
|------|------|------|----|
|1| 红色 | 大 | 2 |
|2| 绿色 | 中 | 1 |   

工厂表  

|id|工厂名|工厂老板| 
|------|------|------|
| 1 | 工厂1 | 李娇妮 |
| 2 | 工厂2 | 李娇娥 | 

 
那么，根据盒子表可以看出，id为1的盒子颜色是红色的，生产工厂id是2，在工厂表查询，该盒子是工厂1生产，老板是李娇妮。 
盒子表中的“id”那一列为主键，类似于身份证号，每一行都不同，代表该行。“生产工厂id”是外键，表示其他表（本例中为工厂表）的id。  

## 入门
简单了解mysql的使用  
### 登录mysql
确保mysql服务开启，mac查询设置里面，win在powershell输入`net start mysql`  ,打开终端，输入`mysql -u root -p`回车输入密码后回车，显示`mysql>`则表示登录成功。可以输入mysql的命令(一定要加分号`;`) ,命令关键字不区分大小写，但不同数据库，数据库名，表名大小写可能有区分。 
### 显示数据库列表 
在终端中输入`show databases;`
```
mysql> SHOW DATABASES;
+--------------------+
| Database           |
+--------------------+
| information_schema |
| mysql              |
| performance_schema |
| sys                |
+--------------------+
```
### 创建数据库
在终端中输入`create database test;`  
```
mysql> CREATE DATABASE test;
Query OK, 1 row affected (0.01 sec)
```
### 删除数据库
在终端中输入`drop database test;`
```
mysql> DROP DATABASE test;
Query OK, 0 rows affected (0.01 sec)
```
### 使用一个数据库
在终端中输入`use test;`
```
mysql> use test;
Database changed
```
### 列出当前数据库的数据表
在终端中输入`show tables;`
```
mysql> SHOW TABLES;
+---------------------+
| table_name         |
+---------------------+
| table1             |
| table2             |
| table3             |
| table4             |
+---------------------+
```

## 基础语法
1. sql语句以分号结尾
2. /*  */多行注释，注释表示说明解释性文字，不会执行
3. --注释说明文字，单行注释
4. show,create,drop,select,delete,insert,update等词语为关键字，sql语法使用的文字，建数据库，建表，列名等名字不要使用这些关键字。
5. 常用数据类型
    * integer 整数，1，2，3，4
    * char 字符串，双引号或单引号里面的内容，"lijiaoni",'lijiaoni'。数字  23  为整数，加上引号"23"为字符串。char(n),里面的数字表示存储的长度，例如char(2)可以存储两个字符的字符串，例如可以存储"ad","gh",不能存储"frr"
    * varchar 可变字符串,varchar(n),里面的数字表示存储的长度
    * datetime 时间日期，2019-04-22 12:12:12
6. 常用约束
    * not null 非空，表示这个字段(列名称)里的数据不能是空的
    * default xxx   默认值，表示这个字段(列名称)的数据如果没有插入值的时候会自动填写xxx
    * primay key  主键，表示这个字段(列名称)（一般是id）是主键  

## 建表并插入数据
1. 首先新建一个数据库，数据库名为`boxshop`，表示盒子商城，在终端中输入`create database boxshop;`.  

    ```
    mysql> create database boxshop;
    Query OK, 1 row affected (0.00 sec)

    mysql> show databases;
    +--------------------+
    | Database           |
    +--------------------+
    | boxshop            |
    | information_schema |
    | mysql              |
    | performance_schema |
    | sys                |
    +--------------------+
    5 rows in set (0.00 sec)
    ```  

2. 首先，使用boxshop这个数据库，表示接下来的操作都在这个数据库中,输入`use boxshop;`.  

    ```
    mysql> use boxshop;
    Database changed
    ```  

3. 建立一个表，表示盒子信息，表名为`box`，在这个表中，有个"id"唯一表示每一行盒子，有个"name"表示每一行盒子的名字.盒子id我们使用整数类型integer,盒子name我们使用可变字符串类型varchar(10);  创建表的语法为(方框号的可以省略):  

    ```
    CREATE TABLE 表名称
    (
    列名称1 数据类型  [约束],
    列名称2 数据类型  [约束],
    .......
    )
    ```  

    *注意：表名称，列表名可以直接写或加上反引号*  

    输入一下语句创建表  

    ```
    create table box (
        id int,
        name varchar(10)
    ); 
    ```  

    ```
    mysql> create table box (
        ->     id int,
        ->     name varchar(10)
        -> );
    Query OK, 0 rows affected (0.01 sec)
    ```  

4. 我们已经在boxshop数据库创建了一个box表，我们使用`explain 数据表名`这个命令来看下这个表的结构,显示数据表各字段含义(也可以使用`desc 数据表名`)。在终端中输入`explain box;`  

    ```
    mysql> explain box;
    +-------+-------------+------+-----+---------+-------+
    | Field | Type        | Null | Key | Default | Extra |
    +-------+-------------+------+-----+---------+-------+
    | id    | int(11)     | YES  |     | NULL    |       |
    | name  | varchar(10) | YES  |     | NULL    |       |
    +-------+-------------+------+-----+---------+-------+
    2 rows in set (0.00 sec)
    ```   

5. 一个盒子表不应该只有个id以及name，应该还有颜色color等其他字段，如果开始创建表的时候我们没有考虑完全，那么，我们可以使用`alter table 表名称 add column 列名称  数据类型  [约束];`来修改表。比如我们想添加一个颜色列`color`,默认颜色是红色。输入一下命令：
`alter table box add column color  varchar(4)  default '红';`   

    ```
    mysql> alter table box add column color  varchar(4)  default '红';
    Query OK, 0 rows affected (0.02 sec)
    Records: 0  Duplicates: 0  Warnings: 0
    ```   

    再次`explain box;`    

    ```
    mysql> explain box;
    +-------+-------------+------+-----+---------+-------+
    | Field | Type        | Null | Key | Default | Extra |
    +-------+-------------+------+-----+---------+-------+
    | id    | int(11)     | YES  |     | NULL    |       |
    | name  | varchar(10) | YES  |     | NULL    |       |
    | color | varchar(4)  | YES  |     | 红      |       |
    +-------+-------------+------+-----+---------+-------+
    3 rows in set (0.00 sec)
    ```  

    可以看到我们的field的一列多了个color，相应的default是红 。  
6. 删除列，使用`alter table 表名称 drop column 列名称; `，例如我们要删除box表中的name一列，可以使用`alter table box drop column name; `,可自行测试。   
7. 插入数据。
插入数据的语法为(values前后括号里的内容要对应):
`insert into 表名称 (列名称1, 列名称2, ...) values (值1, 值2, ...);`  
我们插入一条数据id为1的绿色盒子，盒子的名称叫"低端盒子"，在终端输入:`insert into box (id, name, color) values (1, '低端盒子','绿');`   

    ```
    mysql> insert into box (id, name, color) values (1, '低端盒子','绿');
    Query OK, 1 row affected (0.01 sec)
    ```  

8. 我们来查询这个表格，在终端输入`select * from box;`   

    ```
    mysql> select * from box;
    +------+--------------+-------+
    | id   | name         | color |
    +------+--------------+-------+
    |    1 | 低端盒子     | 绿    |
    +------+--------------+-------+
    1 row in set (0.00 sec)
    ```  

    可以看到表中有了我们输入的数据。  
9. 如果我们没有输入颜色值会怎样？在终端输入`insert into box (id, name) values (1, '低端盒子');`  

    ```
    mysql> insert into box (id, name) values (1, '低端盒子');
    Query OK, 1 row affected (0.00 sec)
    ```   

    再次输入`select * from box;`  

    ```
    mysql> select * from box;
    +------+--------------+-------+
    | id   | name         | color |
    +------+--------------+-------+
    |    1 | 低端盒子     | 绿    |
    |    1 | 低端盒子     | 红    |
    +------+--------------+-------+
    ```  

    我们发现新输入的盒子color那一项默认是红色，因为我们在添加这一列的时候约束条件就是默认是红。  
10. 删除，修改以及其他约束字段敬请待续。。。^_^
