# 复杂查询

## 1. 子查询  

>就是嵌套在主查询中的查询，子查询可以嵌套在select,from,where,group by,having,order by后面。子查询用圆括号括起来，

1. select中嵌套  

    我们在学习[多表查询](./多表查询.md)中学过join，可以在查询box表的是将关联的工厂信息查出来。我们同样可以使用子查询来处理。`select b.name as bname,b.color as bcolor,(select name from factory as f where f.id=b.factory_id) as fname from box as b;`  

    ```sql
    select b.name as bname,b.color as bcolor,
    (select name from factory as f where f.id=b.factory_id) as fname 
    from box as b;
    ```  

    ```bash
    mysql> select b.name as bname,b.color as bcolor,(select name from factory as f where f.id=b.factory_id) as fname from box as b;
    +--------------+--------+---------------+
    | bname        | bcolor | fname         |
    +--------------+--------+---------------+
    | 终端盒子     | 紫     | 盒子工厂1     |
    | 高端盒子     | 蓝     | 盒子工厂1     |
    | 中端盒子     | 红     | 盒子工厂6     |
    | NULL         | 红     | 盒子工厂3     |
    | 中端盒子     | 红     | 盒子工厂2     |
    | 高端盒子     | 红     | 盒子工厂3     |
    | 高端盒子     | 红     | NULL          |
    | 低端盒子     | 黑     | 盒子工厂4     |
    +--------------+--------+---------------+
    8 rows in set (0.00 sec)
    ```  

    我们将box的别名起为b，在子查询中，查询factory的id等于box的factory的名字（where f.id=b.factory_id）这就是该盒子的工厂名  

2. where中子查询结果只有一条时  

    我们查询工厂名是“盒子化工厂1”生产的盒子，可以先查处盒子工厂1的id，再根据这个id查询盒子信息。我们使用子查询一次查找。  

    ```sql
    select * from box 
    where factory_id=
    (select id from factory where name="盒子工厂1" limit 1);
    ```  

    ```bash
    mysql> select * from box
        -> where factory_id=
        -> (select id from factory where name="盒子工厂1" limit 1);
    +----+--------------+-------+-------+------------+
    | id | name         | color | stock | factory_id |
    +----+--------------+-------+-------+------------+
    |  1 | 终端盒子     | 紫    |     2 |          1 |
    |  2 | 高端盒子     | 蓝    |    12 |          1 |
    +----+--------------+-------+-------+------------+
    2 rows in set (0.00 sec)
    ```  

    类似于将两个查询语句合二为一，主查询语句的条件依赖于子查询语句的结果。  

3. where中子查询结果不唯一时  

    * 可以使用in，not in表示where条件是否在子查询的结果中。

    * 在使用`>`,`<`,`<=`,`>=`这些比较的时候，后面必须跟着`any`(any表示和子查询结果比较，其中一条满足就可以。> any即大于其中任意一条,既然是任意一条，满足子查询结果最小的即可；= any，只要子查询中有即可；< any只要小于任意一条即可，那么小于最大的肯定都满足),`some`(等同any),`all`(all表示和子查询结果比较，必须和所有结果相同。> all 那么只要大于最大的值即可；< all只要小于最小的值即可),不能单独使用。  

    我们查询库存大于所有中端盒子的盒子信息，  

    ```sql
    select * from box where stock > all 
    (select stock from box where name="中端盒子");
    ```  

    ```bash
    mysql> select * from box where stock > all
        -> (select stock from box where name="中端盒子");
    +----+--------------+-------+-------+------------+
    | id | name         | color | stock | factory_id |
    +----+--------------+-------+-------+------------+
    |  2 | 高端盒子     | 蓝    |    12 |          1 |
    |  4 | NULL         | 红    |    44 |          3 |
    |  7 | 高端盒子     | 红    |    67 |          9 |
    +----+--------------+-------+-------+------------+
    3 rows in set (0.00 sec)
    ```  

## 2. 视图view

>通俗的讲，视图就是一条SELECT语句执行后返回的结果集。所以我们在创建视图的时候，主要的工作就落在创建这条SQL查询语句上。  
视图是对若干张基本表的引用，一张虚表，查询语句执行的结果，不存储具体的数据（基本表数据发生了改变，视图也会跟着改变）；  
可以跟基本表一样，进行增删改查操作(增删改操作有条件限制)；方便操作，特别是查询操作，减少复杂的SQL语句，增强可读性；   
既可以在一张表上创建视图，也可以在多张表上创建视图  

### 语法  

* 创建视图  

    ```sql
    create view 视图名 (列名1，列名2，...) as select语句;
    ```  

* 删除视图  

    ```sql
    drop view 视图名;
    ```  

创建删除视图和创建删除表类似，使用也一样，视图的列和select语句结果数量一致  

### 使用

我们在[多表查询](./多表查询.md)中学过join语句，加上排序等语句会很复杂，我们可以将一个比较复杂的select的结果创建视图，形成一个快照，方便以后对这个结果进行其他查询，这样就不用再写第一次的复杂的select语句。我们使用学过的一个语句 ， 
我们要查询所有的盒子，并且将该盒子的生产工厂id以及名展示出来，我们可以使用语句:  

```sql
select b.id,b.name,b.color,b.stock,b.factory_id,f.name as fname 
from box as b
left join factory as f 
on b.factory_id=f.id;
```  

```bash
mysql> select b.id,b.name,b.color,b.stock,b.factory_id,f.name as fname
    -> from box as b
    -> left join factory as f
    -> on b.factory_id=f.id;
+----+--------------+-------+-------+------------+---------------+
| id | name         | color | stock | factory_id | fname         |
+----+--------------+-------+-------+------------+---------------+
|  1 | 终端盒子     | 紫    |     2 |          1 | 盒子工厂1     |
|  2 | 高端盒子     | 蓝    |    12 |          1 | 盒子工厂1     |
|  3 | 中端盒子     | 红    |     3 |          6 | 盒子工厂6     |
|  4 | NULL         | 红    |    44 |          3 | 盒子工厂3     |
|  5 | 中端盒子     | 红    |     2 |          2 | 盒子工厂2     |
|  6 | 高端盒子     | 红    |     0 |          3 | 盒子工厂3     |
|  7 | 高端盒子     | 红    |    67 |          9 | NULL          |
| 15 | 低端盒子     | 黑    |    -5 |          4 | 盒子工厂4     |
+----+--------------+-------+-------+------------+---------------+
8 rows in set (0.00 sec)
```  

1. 创建视图  

    对这个语句我们创建视图，和创建表类似。  

    ```sql
    create view boxview(盒子id,盒子名,盒子颜色,盒子库存,工厂id,工厂名) 
    as 
    select b.id,b.name,b.color,b.stock,b.factory_id,f.name as fname 
    from box as b
    left join factory as f 
    on b.factory_id=f.id;
    ```  

2. 查询创建的视图  

    和表table一样操作`select * from boxview;`  

    ```bash
    mysql> select * from boxview;
    +----------+--------------+--------------+--------------+----------+---------------+
    | 盒子id   | 盒子名       | 盒子颜色     | 盒子库存     | 工厂id   | 工厂名        |
    +----------+--------------+--------------+--------------+----------+---------------+
    |        1 | 终端盒子     | 紫           |            2 |        1 | 盒子工厂1     |
    |        2 | 高端盒子     | 蓝           |           12 |        1 | 盒子工厂1     |
    |        3 | 中端盒子     | 红           |            3 |        6 | 盒子工厂6     |
    |        4 | NULL         | 红           |           44 |        3 | 盒子工厂3     |
    |        5 | 中端盒子     | 红           |            2 |        2 | 盒子工厂2     |
    |        6 | 高端盒子     | 红           |            0 |        3 | 盒子工厂3     |
    |        7 | 高端盒子     | 红           |           67 |        9 | NULL          |
    |       15 | 低端盒子     | 黑           |           -5 |        4 | 盒子工厂4     |
    +----------+--------------+--------------+--------------+----------+---------------+
    8 rows in set (0.00 sec)
    ```  

    我们发现和join语句结果一样。

3. 使用视图  
    我们可以直接在视图上查询，我们查询盒子颜色为红色的信息`select * from boxview where 盒子颜色='红';`  

    ```bash  
    mysql> select * from boxview where 盒子颜色='红';
    +----------+--------------+--------------+--------------+----------+---------------+
    | 盒子id   | 盒子名       | 盒子颜色     | 盒子库存     | 工厂id   | 工厂名        |
    +----------+--------------+--------------+--------------+----------+---------------+
    |        3 | 中端盒子     | 红           |            3 |        6 | 盒子工厂6     |
    |        4 | NULL         | 红           |           44 |        3 | 盒子工厂3     |
    |        5 | 中端盒子     | 红           |            2 |        2 | 盒子工厂2     |
    |        6 | 高端盒子     | 红           |            0 |        3 | 盒子工厂3     |
    |        7 | 高端盒子     | 红           |           67 |        9 | NULL          |
    +----------+--------------+--------------+--------------+----------+---------------+
    5 rows in set (0.00 sec)
    ```  

使用视图可以保存我们以前的语句，视图本身没有数据，数据表数据发生改变的时候，视图的数据也会相应改变  

### 3. 实用语句

* 写入查询结果  
    `insert into 表名 (列名1, 列名2) select语句;`，例如我们想把第一个子查询的结果插入一个表中。首先新建一张表boxtest， 然后执行下面语句

    ```sql
    insert in test(bname,bcolor,fname) 
    select b.name as bname,b.color as bcolor,
        (select name from factory as f where f.id=b.factory_id) as fname 
        from box as b;
    ```  


* 插入或更新  

    如果我们希望插入一条新记录（insert），但如果记录已经存在，就更新该记录，此时，可以使用`insert into ... on duplicate key update ...`语句：
    `insert into box (id, name, color, stock, factory_id) values (1, '高级盒子', '绿', 9, 99) on duplicate key update name='高级盒子', color='绿', stock=9,factory_id=99;`,如果id=1没有存在，那么直接插入，如果存在则将该信息更新成update后面的语句