# 每次使用mysql前记得检查设置里mysql是否开始，mysql -u root -p登陆，以及use 数据库
## 建立工厂表  
我们从开始建立一个名叫factory的工厂表开始新的课程。工厂表中有一些字段，id(工厂id，int类型，设置为主键，不能为空not null，并且是自增长的)，name(工厂名，varchar(10)类型，并设置为not null,意思是插入数据的时候工厂名必须要有)，build_time(建立时间，datetime类型，不能为空not null)。  

```
create table factory (
    id int not null primary key auto_increment,
    name varchar(10) not null,
    build_time datetime not null
);
```  

或者  

```
create table factory (
    id int not null  auto_increment,
    name varchar(10) not null,
    build_time datetime not null,
    primary key (id)
);
``` 

在终端中输入上面语句  

```
mysql> create table factory (
->         id int not null primary key auto_increment,
->         name varchar(10) not null,
->         build_time datetime not null
->     );
Query OK, 0 rows affected (0.01 sec)
```  

使用`explain factory;`命令检查下  

```
mysql> explain factory;
+------------+-------------+------+-----+---------+----------------+
| Field      | Type        | Null | Key | Default | Extra          |
+------------+-------------+------+-----+---------+----------------+
| id         | int(11)     | NO   | PRI | NULL    | auto_increment |
| name       | varchar(10) | NO   |     | NULL    |                |
| build_time | datetime    | NO   |     | NULL    |                |
+------------+-------------+------+-----+---------+----------------+
3 rows in set (0.00 sec)
```  

## 插入数据  
当id设置为auto_increment自增长后，我们不需要每次都要插入id的数据，而且id从1开始每次都会增加1。  输入一下命令，插入三条数据:  

```
insert into factory (name,build_time) values 
('盒子工厂1','2010-04-05 12:30:32'),
('盒子工厂1','2012-04-05 12:30:32'),
('盒子工厂3','2019-04-05 12:30:32');
```   

在终端中插入  

```
mysql> insert into factory (name,build_time) values 
    -> ('盒子工厂1','2010-04-05 12:30:32'),
    -> ('盒子工厂1','2012-04-05 12:30:32'),
    -> ('盒子工厂3','2019-04-05 12:30:32');
Query OK, 3 rows affected (0.00 sec)
Records: 3  Duplicates: 0  Warnings: 0
```  

使用`select * from factory;`  

```
mysql> select * from factory;
+----+---------------+---------------------+
| id | name          | build_time          |
+----+---------------+---------------------+
|  1 | 盒子工厂1     | 2010-04-05 12:30:32 |
|  2 | 盒子工厂1     | 2012-04-05 12:30:32 |
|  3 | 盒子工厂3     | 2019-04-05 12:30:32 |
+----+---------------+---------------------+
3 rows in set (0.00 sec)
```  

可以看到id那一列从1开始每一列增加1，这就是auto_increment的作用  

## 修改数据
我们看到id为1和2的工厂名都是“盒子工厂1”，说明名字可能有问题，我们进行修改。
修改的基本语法是`update 数据表名 set 列名称1=值1,列名称2=值2,... where 筛选条件;`  
我们要更新的数据表名是"factory",列名称是"name",值是"盒子工厂2",筛选条件是"id=2"。在终端中输入:`update factory set name='盒子工厂2' where id=2;`  

```
mysql> update factory set name='盒子工厂2' where id=2;
Query OK, 0 rows affected (0.00 sec)
Rows matched: 1  Changed: 0  Warnings: 0

mysql> 
```  
使用`select * from factory;`再次查看  

```
mysql> select * from factory;
+----+---------------+---------------------+
| id | name          | build_time          |
+----+---------------+---------------------+
|  1 | 盒子工厂1     | 2010-04-05 12:30:32 |
|  2 | 盒子工厂2     | 2012-04-05 12:30:32 |
|  3 | 盒子工厂3     | 2019-04-05 12:30:32 |
+----+---------------+---------------------+
3 rows in set (0.00 sec)
```  

可以看到id为2的工厂名变成了我们修改的。

*注意update语句如果不添加where，那么将会该列所有信息，可以尝试下*  

## 删除数据  
当一行内容我们不需要的时候可能需要删除这行，删除的语法是`delete from 数据表名 where 约束条件;`.例如我们想要删除id为2的那一行，数据表名是"factory",约束条件是"id=2".在终端中执行语句`delete from factory where id=2;`  

```
mysql> delete from factory where id=2;
Query OK, 1 row affected (0.00 sec)
```

使用`select * from factory;`

```
mysql> select * from factory;
+----+---------------+---------------------+
| id | name          | build_time          |
+----+---------------+---------------------+
|  1 | 盒子工厂1     | 2010-04-05 12:30:32 |
|  3 | 盒子工厂3     | 2019-04-05 12:30:32 |
+----+---------------+---------------------+
2 rows in set (0.00 sec)
```  

*如果不添加where约束条件，那么会删除整个表的内容，谨慎！！！！*  


