> 有时候我们需要查询一些数据的总和，平均值，最大最小值，这就需要用到聚合函数。count(),有多少列数据；sum()，计算某一列所有数的总和，只能使用在例如integer这种数值类型；avg(),计算某一列的数的平均值，只能用在例如integer这种数值类型上；max(),计算某一列的最大值;min(),计算某一列的最小值。  

## 1. count  
我们想要查询表中有多少个盒子，或者每个颜色的盒子有多少个这种需要获取总行数的计算  

1. 计算总共有多少个盒子(box表中有多少数据),输入语句`select count(*) from box;`  

    ```
    mysql> select count(*) from box;
    +----------+
    | count(*) |
    +----------+
    |        7 |
    +----------+
    1 row in set (0.00 sec)
    ```   

    我们发现这个查询结果列的名字是"count(*)",我们可以起个别名，在基础查询中我们学过，使用as关键词。我们将可以将这个别名叫做sum，更想象些，输入语句`select count(*) as sum from box;`  

    ```
    mysql> select count(*) as num from box;
    +-----+
    | num |
    +-----+
    |   7 |
    +-----+
    1 row in set (0.00 sec)
    ```  

    我们想要查询红色的盒子有多少个，后面可以加where语句`select count(*) as red_num from box where color='红';`  

    ```
    mysql> select count(*) as red_num from box where color='红';
    +---------+
    | red_num |
    +---------+
    |       5 |
    +---------+
    1 row in set (0.00 sec)
    ```  


2. 计算某一列有多少行，null值不计算在内，例如我们的box表中，可能因为输入错误，导致一些没有盒子名的信息，那么我们可能不需要统计这些数据。首先我们将box表中的name一个值设置为null，`update box set name=null where id=4;`  

    ```
    mysql> update box set name=null where id=4;
    Query OK, 1 row affected (0.01 sec)
    Rows matched: 1  Changed: 1  Warnings: 0
    ```  

    我们查看一下,`select * from box;`  

    ```
    mysql> select * from box;
    +----+--------------+-------+
    | id | name         | color |
    +----+--------------+-------+
    |  1 | 终端盒子     | 紫    |
    |  2 | 高端盒子     | 蓝    |
    |  3 | 中端盒子     | 红    |
    |  4 | NULL         | 红    |
    |  5 | 中端盒子     | 红    |
    |  6 | 高端盒子     | 红    |
    |  7 | 高端盒子     | 红    |
    +----+--------------+-------+
    7 rows in set (0.00 sec)  
    ```     

    我们统计有名字的盒子有多少个，输入语句`select count(name) as box_count from box;`  

    ```
    mysql> select count(name) as box_count from box;
    +-----------+
    | box_count |
    +-----------+
    |         6 |
    +-----------+
    1 row in set (0.00 sec)
    ```  

## 2. sum  

有时候我们需要计算仓库中总共还剩多少盒子，或者每种盒子的库存总数是多少，我们在box表中加入一个库存字段`stock`,integer整数类型；`alter table box add column stock int(10);`,随意插入一些数字数据表示每种盒子的库存数量。  

```
mysql> select * from box;
+----+--------------+-------+-------+
| id | name         | color | stock |
+----+--------------+-------+-------+
|  1 | 终端盒子     | 紫    |     2 |
|  2 | 高端盒子     | 蓝    |    12 |
|  3 | 中端盒子     | 红    |     3 |
|  4 | NULL        | 红    |    44 |
|  5 | 中端盒子     | 红    |     2 |
|  6 | 高端盒子     | 红    |     0 |
|  7 | 高端盒子     | 红    |    67 |
+----+--------------+-------+-------+
7 rows in set (0.00 sec)
```  

查询总库存量，`select sum(stock) from box;`  

```
mysql> select sum(stock) from box;
+------------+
| sum(stock) |
+------------+
|        130 |
+------------+
1 row in set (0.00 sec)
```

可以看到总库存量有130个，我们可以和count一样，使用as别名，查询红色盒子库存还剩多少`select sum(stock) as red_sum from box where color='红';`  

```
mysql> select sum(stock) as red_sum from box where color='红';
+---------+
| red_sum |
+---------+
|     116 |
+---------+
1 row in set (0.00 sec)
```  

## 3. max min 
我们可能需要查询一些条件下的最大最小值，如果卖的最贵的盒子，卖的最少的盒子，方便我们分析数据，更改销售策略。查询红色盒子库存最大的,`select max(stock) as red_max from box where color='红';`  
```
mysql> select max(stock) as red_max from box where color='红';
+---------+
| red_max |
+---------+
|      67 |
+---------+
1 row in set (0.00 sec)
```  

## 4. avg  
我们可能要查询一些平均值，比如卖的盒子平均价格是多少。我们可以查下红色盒子平均有多少库存。`select avg(stock) as red_avg from box where color='红';`  

```
mysql> select avg(stock) as red_avg from box where color='红';
+---------+
| red_avg |
+---------+
| 23.2000 |
+---------+
1 row in set (0.00 sec)
```

## 5. 综合  
`select avg(stock) as red_avg ,max(stock) as red_max,sum(stock) from box where color='红';`  

```
mysql> select avg(stock) as red_avg ,max(stock) as red_max,sum(stock) as red_sum from box where color='红';
+---------+---------+------------+
| red_avg | red_max | red_sum    |
+---------+---------+------------+
| 23.2000 |      67 |        116 |
+---------+---------+------------+
1 row in set (0.00 sec)
```

## 6. 分组
我们使用了语句`select sum(stock) as red_sum from box where color='红';` 来查询红色盒子的总库存是多少，然后我们再查询紫色库存，再查询蓝色库存，那么我们还需要写两个语句，有没有方法用一个语句将这些结果查询出来呢，这就用到分组`group by`,后面跟着列名，表示这列中数值相同的分成一组，进行sum，max，avg，count统计。我们根据颜色分组，查询不同颜色的库存总数`select sum(stock) as sum from box group by color;`  
```
mysql> select sum(stock) as sum from box group by color;
+------+
| sum  |
+------+
|    2 |
|   12 |
|  116 |
+------+
3 rows in set (0.00 sec)
```  

结果给我们展示了一列，看起来不是很形象，我们可以把color当作一列展示出来`select color,sum(stock) as sum from box group by color;`  

```
mysql> select color,sum(stock) as sum from box group by color;
+-------+------+
| color | sum  |
+-------+------+
| 紫    |    2 |
| 蓝    |   12 |
| 红    |  116 |
+-------+------+
3 rows in set (0.00 sec)
```  

注意select后面的列和group by后面的列最好相同，因为是根据group by 数值相同的放在一起，selct可以展示出来，而其他列值不一样，没法展示  

我们可以在group by后面添加多个列进行分组，比如，我们想要查询不同名字盒子不同颜色的库存总数`select name,color,sum(stock) as sum from box group by name ,color;`  

```
mysql> select name,color,sum(stock) as sum from box group by name ,color;
+--------------+-------+------+
| name         | color | sum  |
+--------------+-------+------+
| 终端盒子     | 紫    |    2 |
| 高端盒子     | 蓝    |   12 |
| 中端盒子     | 红    |    5 |
| NULL         | 红    |   44 |
| 高端盒子     | 红    |   67 |
+--------------+-------+------+
5 rows in set (0.00 sec)
```  

注意，null是单独分为一组，如果我们想要把有名字的查询出来，可以使用`having`，类似于`where`,我们查询名非空的不同名字的不同颜色总数,并且展示总数大于10的，`select name,color,sum(stock) as sum from box group by name ,color having name is not null and sum >10;`  

```
mysql> select name,color,sum(stock) as sum from box group by name ,color having name is not null and sum >10;
+--------------+-------+------+
| name         | color | sum  |
+--------------+-------+------+
| 高端盒子     | 蓝    |   12 |
| 高端盒子     | 红    |   67 |
+--------------+-------+------+
2 rows in set (0.00 sec)
```  

where 和 having的却别；
* “Where” 是一个约束声明，使用Where来约束来之数据库的数据，Where是在结果返回之前起作用的，且Where中不能使用聚合函数。
* “Having”是一个过滤声明，是在查询返回结果集以后对查询结果进行的过滤操作，在Having中可以使用聚合函数。  

例如，我们要查询id在1到6之间，名非空的不同名字的不同颜色总数`select name,color,sum(stock) as sum from box where id>=1 and id<=6 group by name ,color having name is not null;`   

```
mysql> select name,color,sum(stock) as sum from box where id>=1 and id<=6 group by name ,color having name is not null;
+--------------+-------+------+
| name         | color | sum  |
+--------------+-------+------+
| 终端盒子     | 紫    |    2 |
| 高端盒子     | 蓝    |   12 |
| 中端盒子     | 红    |    5 |
| 高端盒子     | 红    |    0 |
+--------------+-------+------+
4 rows in set (0.00 sec)
```




